the_geom,feature,clugar,lugar,tipo,ubicacion,fechasuce,url,numvictima,municipio,radio,cartodb_id,created_at,updated_at
0101000020E61000002DC5ABA00CC1F9BF6E64B3CF526F4540,50200001,167,Fosa de Sorauren,No intervenida,La fosa podría encontrarse bajo un nogal en una zona de huertas.,,http://fosas.navarra.es/DetalleFosa.aspx?IDFosa=167,-1,Ezcabarte,50,68,2015-05-10 14:23:58.658314+00,2015-05-10 14:23:58.658314+00
0101000020E61000006F1EF6E4B02F00C0FBF9200700304540,50200001,235,Fosa de La Veguilla,Intervenida,Paraje a orillas del río Ebro situado en el término municipal de Andosilla.,21/08/1936,http://fosas.navarra.es/DetalleFosa.aspx?IDFosa=235,1,Andosilla,25,116,2015-05-10 14:23:58.658314+00,2015-05-10 14:23:58.658314+00
0101000020E610000034ACE23A3E00FCBF90D73A4896294540,50200001,145,Cementerio de Marcilla,No intervenida,Cementerio de Marcilla.,16/08/1936,http://fosas.navarra.es/DetalleFosa.aspx?IDFosa=145,3,Marcilla,50,46,2015-05-10 14:23:58.658314+00,2015-05-10 14:23:58.658314+00
0101000020E610000098141457448EFABFC2FD218F0D3D4540,50200001,147,Cementerio de Olite,Intervenida,Cementerio de Olite.,30/08/1936,http://fosas.navarra.es/DetalleFosa.aspx?IDFosa=147,8,Olite,50,48,2015-05-10 14:23:58.658314+00,2015-05-10 14:23:58.658314+00
0101000020E610000062CABB0DC2ABFABFB55DEADC156C4540,50200001,66,Cementerio de Berriozar,Prospectada,"Cementerio situado en la ladera sur del monte San Cristobal, junto al núcleo antiguo de Berriozar.",,http://fosas.navarra.es/DetalleFosa.aspx?IDFosa=66,47,Berriozar,25,17,2015-05-10 14:23:58.658314+00,2015-05-10 14:23:58.658314+00
0101000020E61000006A0426B67D6FF7BF1EFCA7B55D634540,50200001,189,Cementerio de Urroz,Intervenida,El cementerio se situa junto a la Cañada Real Milagro-Aezkoa.,,http://fosas.navarra.es/DetalleFosa.aspx?IDFosa=189,1,Urroz-Villa,50,90,2015-05-10 14:23:58.658314+00,2015-05-10 14:23:58.658314+00
0101000020E61000008A605646A82700C05C1CD0DAA2524540,50200001,31,Fosa del Caserío de Echávarri,Intervenida,"La fosa podría ubicarse junto en las proximidades al Caserío de Echávarri, en la carretera NA-122 que va de Estella a Aberin.",,http://fosas.navarra.es/DetalleFosa.aspx?IDFosa=31,8,Estella-Lizarra,250,1,2015-05-10 14:23:58.658314+00,2015-05-10 14:23:58.658314+00
0101000020E61000008AD6AD49FCB2F5BFE9A5EC98FD4D4540,50200001,33,Fosa de la Fuente del Garrero (Alto de Aibar),Intervenida,"La fosa está localizada en el paraje La Fuente del Garrero, a pocos kilómetros  del casco urbano de Aibar, junto a la carretera NA-534 que lleva a Lumbier en las proximidades del Alto de Aibar.",03/09/1936,http://fosas.navarra.es/DetalleFosa.aspx?IDFosa=33,4,Aibar <> Oibar,25,2,2015-05-10 14:23:58.658314+00,2015-05-10 14:23:58.658314+00
0101000020E6100000CE443A32EF5500C08C3E82CA83534540,50200001,38,Fosa del Antiguo Cementerio de Ayegui,Intervenida,"La fosa estuvo ubicada fuera del antiguo cementerio de Ayegui, junto al camino de Santiago y próxima al Monasterio de Irache.",,http://fosas.navarra.es/DetalleFosa.aspx?IDFosa=38,5,Ayegui <> Aiegi,25,3,2015-05-10 14:23:58.658314+00,2015-05-10 14:23:58.658314+00
0101000020E6100000EBDD04EED299FABFFD36BBDB5F6D4540,50200001,42,Cementerio de las Botellas (Fuerte de San Cristóbal),Intervenida,"Cementerio de la prisión ubicado en la ladera norte del monte Ezcaba. Junto al fuerte de San Cristobal, en el término municipal de Berrioplano.",,http://fosas.navarra.es/DetalleFosa.aspx?IDFosa=42,131,Berrioplano <> Berriobeiti,10,4,2015-05-10 14:23:58.658314+00,2015-05-10 14:23:58.658314+00
0101000020E6100000F6185C8BE075F7BF9B9214832E054540,50200001,46,Fosa de la corraliza de Fustiñana,Intervenida,"La fosa, ya exhumada, se encontraba junto a un camino rural al norte de la localidad, en el término denominado ""Corraliza Vecinal"".",20/11/1936,http://fosas.navarra.es/DetalleFosa.aspx?IDFosa=46,7,Fustiñana,10,5,2015-05-10 14:23:58.658314+00,2015-05-10 14:23:58.658314+00
0101000020E610000016F79410C227FCBF4C2AD9EB182E4540,50200001,47,Fosa de la Venta de Arlás (Peralta),Intervenida,"La Venta de Arlás se sitúa en el término municipal de Peralta, en un cruce de carreteras situado en la proximadad de la ermita de San Pedro.",,http://fosas.navarra.es/DetalleFosa.aspx?IDFosa=47,24,Peralta <> Azkoien,500,6,2015-05-10 14:23:58.658314+00,2015-05-10 14:23:58.658314+00
0101000020E610000051006700AAC8FABF74B03EA550A04540,50200001,53,Fosa de Batzarleku (Etxalar),Intervenida,"El lugar de los fusilamientos se sitúa en el término municipal de Etxalar, muy próximo al trazado de la carretera N-121-A. El lugar es visible desde el caserío Alaranberri en Lesaka situado al otro lado del río Bidasoa.",,http://fosas.navarra.es/DetalleFosa.aspx?IDFosa=53,3,Etxalar,100,7,2015-05-10 14:23:58.658314+00,2015-05-10 14:23:58.658314+00
0101000020E610000002DF144A7E64FDBF1B345BBE62574540,50200001,55,"Fosa de la ""Vuelta Chiquito"" (Artazu)",No intervenida,"El emplazamiento de la fosa se encuentra en el municipio de Artazu, cerca del kilómetro 2 de la carretera NA-7040, junto a una curva muy pronunciada. Este paraje es conocido popularmente como la ""vuelta Chiquito"" o Santa Marina.",,http://fosas.navarra.es/DetalleFosa.aspx?IDFosa=55,2,Artazu,100,8,2015-05-10 14:23:58.658314+00,2015-05-10 14:23:58.658314+00
0101000020E610000027DD29F0523AFCBF2436A44D045F4540,50200001,57,Fosas del Alto del Perdón,No intervenida,"Las fosas se ubican en el margen de la antigua carretera N-111 (hoy NA-1110), en los alrededores del Alto del Perdón.",,http://fosas.navarra.es/DetalleFosa.aspx?IDFosa=57,-1,Cizur,500,9,2015-05-10 14:23:58.658314+00,2015-05-10 14:23:58.658314+00
0101000020E6100000E7317A1604DDFABF1B6A6188226D4540,50200001,59,Cementerio de Aizoáin,Prospectada,"Cementerio de Aizoáin, en la ladera sur del monte San Cristobal.",,http://fosas.navarra.es/DetalleFosa.aspx?IDFosa=59,10,Berrioplano <> Berriobeiti,25,10,2015-05-10 14:23:58.658314+00,2015-05-10 14:23:58.658314+00
0101000020E61000001ACC730411C301C01E1391F9A4764540,50200001,60,Fosa de la antigua N-I (Alsasua),Prospectada,"La fosa se ubicaría junto al kilómetro 401 del antiguo trazado de la N-I, en el término municipal de Alsasua.",,http://fosas.navarra.es/DetalleFosa.aspx?IDFosa=60,-1,Altsasu/Alsasua,200,11,2015-05-10 14:23:58.658314+00,2015-05-10 14:23:58.658314+00
0101000020E61000008CB9EF3F5D7AFABF6CDADDADAE6B4540,50200001,61,Cementerio de Artica,Prospectada,"Cementerio de la localidad de Artica, entre los kilómetros 0,5 y 1 de la carretera de acceso al Fuerte de San Cristóbal.",,http://fosas.navarra.es/DetalleFosa.aspx?IDFosa=61,17,Berrioplano <> Berriobeiti,25,12,2015-05-10 14:23:58.658314+00,2015-05-10 14:23:58.658314+00
0101000020E6100000EB7686FE3B9600C01592AEE977514540,50200001,62,Fosa de La Llana (Azqueta),Prospectada,"Al sur de la Autovía A-12, en las falda del Montejurra, se encuentra el paraje de la Llana, entre las localidades de Azqueta y Ayegui. Cuando tuvieron lugar los sucesos era un paraje arbolado pero actualmente es un campo de labor.",,http://fosas.navarra.es/DetalleFosa.aspx?IDFosa=62,3,Igúzquiza,250,13,2015-05-10 14:23:58.658314+00,2015-05-10 14:23:58.658314+00
0101000020E61000006017EC69572AFBBFEE8855AC426F4540,50200001,63,Cementerio de Ballariáin,Prospectada,Pequeño cementerio de la localidad de Ballariáin (Berrioplano) que se encuentra adosado a la Iglesia de San Miguel.,,http://fosas.navarra.es/DetalleFosa.aspx?IDFosa=63,12,Berrioplano <> Berriobeiti,10,14,2015-05-10 14:23:58.658314+00,2015-05-10 14:23:58.658314+00
0101000020E61000006B70D46DBD15FBBF3E708CA52AA44540,50200001,64,Cementerio de Bera,Intervenida,"Cementerio de Bera, próximo a la carretera NA-8304, en la salida de la localidad hacia Irun.",,http://fosas.navarra.es/DetalleFosa.aspx?IDFosa=64,7,Bera,5,15,2015-05-10 14:23:58.658314+00,2015-05-10 14:23:58.658314+00
0101000020E6100000E331087E2324FBBFECC798DDC86C4540,50200001,65,Cementerio de Berrioplano,Prospectada,"Situado en el camino de Lindurbe, junto a un pequeño bosque, al sur de la localidad de Berrioplano.",,http://fosas.navarra.es/DetalleFosa.aspx?IDFosa=65,13,Berrioplano <> Berriobeiti,25,16,2015-05-10 14:23:58.658314+00,2015-05-10 14:23:58.658314+00
0101000020E6100000A4B6FD790387FABF60501F23E11E4540,50200001,68,Corral de Valcaldera,Intervenida,"El corral se encontraba junto a la carretera N-121 entre los puntos kilométricos 68 y 69. Actualmente existe una granja en este lugar, no quedando más que algún resto de lo que fue el corral.",,http://fosas.navarra.es/DetalleFosa.aspx?IDFosa=68,51,Cadreita,25,18,2015-05-10 14:23:58.658314+00,2015-05-10 14:23:58.658314+00
0101000020E6100000D1F2A39A0703F7BFECDE211594FC4440,50200001,70,Fosa del Cementerio de Buñuel,Prospectada,"Cementerio de Buñuel situado junto a  la carretera NA-5200, que comunica con la vecina localidad de Cortes.",,http://fosas.navarra.es/DetalleFosa.aspx?IDFosa=70,7,Buñuel,50,19,2015-05-10 14:23:58.658314+00,2015-05-10 14:23:58.658314+00
0101000020E6100000200B9BEA3A96FABF0CEDD80274014540,50200001,71,Fosa de Urzante,Intervenida,"Se trata del pequeño cementerio del despoblado de Urzante. El lugar se encuentra en una zona elevada a unos 40 metros de la carretera N-121-C, entre las localidades de Cascante y Murchante.",,http://fosas.navarra.es/DetalleFosa.aspx?IDFosa=71,21,Cascante,50,20,2015-05-10 14:23:58.658314+00,2015-05-10 14:23:58.658314+00
0101000020E6100000E5C1A4EB2EB8EEBF1EA0517BA6664540,50200001,72,Fosa del Cementerio de Roncal,Intervenida,Cementerio de la localidad de Roncal.,23/10/1939,http://fosas.navarra.es/DetalleFosa.aspx?IDFosa=72,1,Roncal <> Erronkari,25,21,2015-05-10 14:23:58.658314+00,2015-05-10 14:23:58.658314+00
0101000020E6100000140F2ACB4A3503C034B6E6F1C74E4540,50200001,73,Fosa de Aguilar de Codés,Intervenida,"Fosa situada al noroeste de Aguilar de Codés, junto a la carretera de Cabredo (NA-7200), entre los kilómetros 15 y 16.",,http://fosas.navarra.es/DetalleFosa.aspx?IDFosa=73,3,Aguilar de Codés,50,22,2015-05-10 14:23:58.658314+00,2015-05-10 14:23:58.658314+00
0101000020E6100000DB6D7C78A1E4FABFC4A3D8CACD6D4540,50200001,74,Cementerio de Berriosuso,Prospectada,"El cementerio se localiza próximo a la localidad de Berriosuso, en la ladera del monte Ezkaba.",,http://fosas.navarra.es/DetalleFosa.aspx?IDFosa=74,13,Berrioplano <> Berriobeiti,25,23,2015-05-10 14:23:58.658314+00,2015-05-10 14:23:58.658314+00
0101000020E610000026519027D09FFBBF54A3CFD44C6E4540,50200001,75,Cementerio de Añézcar,Intervenida,"Cementerio de Añézcar, situado junto a la localidad de Larragueta.",,http://fosas.navarra.es/DetalleFosa.aspx?IDFosa=75,7,Berrioplano <> Berriobeiti,25,24,2015-05-10 14:23:58.658314+00,2015-05-10 14:23:58.658314+00
0101000020E610000090F7DD579B65FBBFCCE4230FAB6E4540,50200001,76,Cementerio de Oteiza de Berrioplano,Intervenida,Cementerio de Oteiza de Berrioplano.,,http://fosas.navarra.es/DetalleFosa.aspx?IDFosa=76,13,Berrioplano <> Berriobeiti,25,25,2015-05-10 14:23:58.658314+00,2015-05-10 14:23:58.658314+00
0101000020E6100000D36C7233C655FBBF53FD2589DF6B4540,50200001,77,Cementerio de Loza,Prospectada,"Cementerio de Loza, situado a medio kilómetro de esta localidad.",,http://fosas.navarra.es/DetalleFosa.aspx?IDFosa=77,16,Berrioplano <> Berriobeiti,25,26,2015-05-10 14:23:58.658314+00,2015-05-10 14:23:58.658314+00
0101000020E6100000B0A2C2675FA5FBBFB601199F3B6E4540,50200001,78,Cementerio de Larragueta,Prospectada,Cementerio de la localidad de Larragueta.,,http://fosas.navarra.es/DetalleFosa.aspx?IDFosa=78,10,Berrioplano <> Berriobeiti,25,27,2015-05-10 14:23:58.658314+00,2015-05-10 14:23:58.658314+00
0101000020E61000009A0886D08749FBBF9BBF90AF7C6F4540,50200001,79,Cementerio de Elcarte,Prospectada,"Cementerio de Elcarte (Berrioplano), junto a la iglesia de La Purificación.",,http://fosas.navarra.es/DetalleFosa.aspx?IDFosa=79,17,Berrioplano <> Berriobeiti,25,28,2015-05-10 14:23:58.658314+00,2015-05-10 14:23:58.658314+00
0101000020E61000001576D220CDF8F6BFA9CC3D756A554540,50200001,80,Fosa del Alto de Sengáriz,No intervenida,"Situada en el Alto de Sengáriz, junto a la antigua carretera N-240 Pamplona-Huesca (actual NA-2420).",,http://fosas.navarra.es/DetalleFosa.aspx?IDFosa=80,1,Ibargoiti,50,29,2015-05-10 14:23:58.658314+00,2015-05-10 14:23:58.658314+00
0101000020E6100000204682BC15ADFDBF6BB6B6F578654540,50200001,81,Fosa de Muniáin de Guesálaz,Prospectada,"Las fosas estarían localizadas en una parcela propiedad del Ayuntamiento de Muniáin de Guesálaz, entre los kilómetros 1 y 2 de la carretera (NA-7059) que conduce a este municipio.",,http://fosas.navarra.es/DetalleFosa.aspx?IDFosa=81,4,Guesálaz <> Gesalatz,500,30,2015-05-10 14:23:58.658314+00,2015-05-10 14:23:58.658314+00
0101000020E6100000CB890A14111BFBBF354D57ECFD424540,50200001,82,Cementerio de Tafalla,Intervenida,"El cementerio se encuentra a las fueras de la población, accediéndose desde la carretera NA-6140 que comunica Tafalla con Miranda de Arga.",,http://fosas.navarra.es/DetalleFosa.aspx?IDFosa=82,-1,Tafalla,100,31,2015-05-10 14:23:58.658314+00,2015-05-10 14:23:58.658314+00
0101000020E6100000395B053FCFC9FEBF2BF4800BB44C4540,50200001,83,Fosa de Oteiza,Prospectada,"Las fosas se sitúan entre los kilómetros 10 y 11 de la NA-132, en el paraje de Angarisun.",,http://fosas.navarra.es/DetalleFosa.aspx?IDFosa=83,34,Oteiza,100,32,2015-05-10 14:23:58.658314+00,2015-05-10 14:23:58.658314+00
0101000020E6100000405BBB4A1CD0FCBF40082B89AC8B4540,50200001,87,Fosa de Eratsun,Prospectada,"La fosa se sitúa en el municipio de Eratsun, próxima a unas bordas situadas en el paraje de Alkorte.",,http://fosas.navarra.es/DetalleFosa.aspx?IDFosa=87,3,Eratsun,50,33,2015-05-10 14:23:58.658314+00,2015-05-10 14:23:58.658314+00
0101000020E6100000028592EEB5BFF9BFC55D38253D074540,50200001,88,Cementerio de Tudela,Intervenida,Cementerio de Tudela. Las fosas exhumadas y las prospecciones realizadas se localizan en la esquina sureste del cementerio.,01/08/1936,http://fosas.navarra.es/DetalleFosa.aspx?IDFosa=88,-1,Tudela,100,34,2015-05-10 14:23:58.658314+00,2015-05-10 14:23:58.658314+00
0101000020E610000049A9B2BECAB8FABFDACCF215CB7A4540,50200001,89,Fosas del Bosque de Orgi,Prospectada,"La zona se encuentra en el bosque de Orgi, entre los kilómetros 21 y 22 de la NA-411, frente al campo de golf.",,http://fosas.navarra.es/DetalleFosa.aspx?IDFosa=89,18,Ultzama,500,35,2015-05-10 14:23:58.658314+00,2015-05-10 14:23:58.658314+00
0101000020E61000007A980544876DF8BF36A3818AED5C4540,50200001,99,Fosa de la Tejería de Monreal,Intervenida,Junto al kilómetro 10 de la antigua carretera de Urroz a Campanas (actual NA-234). Actualmente la fosa se encuentra en la cola del embalse del Canal de Navarra.,,http://fosas.navarra.es/DetalleFosa.aspx?IDFosa=99,94,Monreal <> Elo,50,36,2015-05-10 14:23:58.658314+00,2015-05-10 14:23:58.658314+00
0101000020E610000047ECF83DA40BFABF4994900F4D184540,50200001,106,Cementerio de Valtierra,No intervenida,El antiguo cementerio de Valtierra se encontraba junto a la Ermita de la Virgen de la Esperanza.,12/08/1936,http://fosas.navarra.es/DetalleFosa.aspx?IDFosa=106,6,Valtierra,100,37,2015-05-10 14:23:58.658314+00,2015-05-10 14:23:58.658314+00
0101000020E6100000C51CB422EFD3FFBF8042DC28FA544540,50200001,113,Fosa de Villatuerta,Prospectada,La parcela donde se ubicaría la fosa está en la parte superior de la Cruz de San Marcos frente a la cooperativa.,,http://fosas.navarra.es/DetalleFosa.aspx?IDFosa=113,-1,Villatuerta,100,38,2015-05-10 14:23:58.658314+00,2015-05-10 14:23:58.658314+00
0101000020E6100000BFBF256474FAF9BFE0D09E10D2534540,50200001,126,Cementerio Unzué,No intervenida,El cementerio se encuentra en la ladera de la peña de Unzué.,,http://fosas.navarra.es/DetalleFosa.aspx?IDFosa=126,1,Unzué <> Untzue,25,39,2015-05-10 14:23:58.658314+00,2015-05-10 14:23:58.658314+00
0101000020E610000014D0C7A10C26FABF097EB42E8C5E4540,50200001,127,Fosa de Beriáin,Intervenida,"La fosa se encuentra bajo el nuevo casco urbano de Beriáin, a la altura del Kilómetro 9 de la N-121, junto al paraje conocido como El Cascajo. Este núcleo urbano fue construido después de la G.uerra Civil a raiz del auge de la minería.",,http://fosas.navarra.es/DetalleFosa.aspx?IDFosa=127,-1,Beriáin,1000,40,2015-05-10 14:23:58.658314+00,2015-05-10 14:23:58.658314+00
0101000020E6100000BFF93F74DB85F8BF84C9855F810D4540,50200001,188,Balsaforada,No intervenida,"Extenso término situado al noreste del término municipal de Tudela, junto a la Bardena.",,http://fosas.navarra.es/DetalleFosa.aspx?IDFosa=188,28,Tudela,500,89,2015-05-10 14:23:58.658314+00,2015-05-10 14:23:58.658314+00
0101000020E61000000C1C1226AFA6FABFA172AEA1F3544540,50200001,128,Fosa de Tiebas-Muruarte de Reta,Intervenida,"Se ubica en el paraje de ""El Pontarrón"" en el término de Tiebas-Muruarte de Reta. Está en una finca junto a la carretera de Artajona (NA-6020).",,http://fosas.navarra.es/DetalleFosa.aspx?IDFosa=128,9,Tiebas-Muruarte de Reta,50,41,2015-05-10 14:23:58.658314+00,2015-05-10 14:23:58.658314+00
0101000020E6100000BFDDA2D8E79EFCBF8E5E72C0322C4540,50200001,141,Fosa de Vallacuera (Peralta),No intervenida,"Se desconoce la ubicación exacta de la fosa, pero se encontraría en el paraje de Vallacuera, al norte de Peralta.",,http://fosas.navarra.es/DetalleFosa.aspx?IDFosa=141,1,Peralta <> Azkoien,250,42,2015-05-10 14:23:58.658314+00,2015-05-10 14:23:58.658314+00
0101000020E610000057BC0882A2DFFCBF932F3DF897334540,50200001,142,Cementerio de Falces,Intervenida,"Cementerio situado a la salida del pueblo, en la carretera que va de Falces a Lerín. En este lugar había varias fosas comunes que fueron exhumadas en los años 70.",27/10/1936,http://fosas.navarra.es/DetalleFosa.aspx?IDFosa=142,19,Falces,100,43,2015-05-10 14:23:58.658314+00,2015-05-10 14:23:58.658314+00
0101000020E61000004B7EA20776F7FCBFFEFD356E93294540,50200001,143,Fosa del Mayorazgo (Carretera Peralta-Funes),Prospectada,En la carretera entre Funes y Peralta. En una parcela de terreno conocida como del Mayorazgo.,01/08/1936,http://fosas.navarra.es/DetalleFosa.aspx?IDFosa=143,2,Peralta <> Azkoien,500,44,2015-05-10 14:23:58.658314+00,2015-05-10 14:23:58.658314+00
0101000020E610000028700C581963FCBFCF5347224C1F4540,50200001,144,Cementerio de Milagro,Intervenida,Cementerio junto a la carretera que une Milagro con San Adrián (NA-134). Las fosas se excavaron junto a la tapia del mismo.,12/08/1936,http://fosas.navarra.es/DetalleFosa.aspx?IDFosa=144,33,Milagro,50,45,2015-05-10 14:23:58.658314+00,2015-05-10 14:23:58.658314+00
0101000020E610000095596CD3BD48FABF6C373A36432B4540,50200001,146,Cementerio de Caparroso,Intervenida,"Cementerio de Caparroso, junto al paraje de Las Vales.",17/08/1936,http://fosas.navarra.es/DetalleFosa.aspx?IDFosa=146,6,Caparroso,50,47,2015-05-10 14:23:58.658314+00,2015-05-10 14:23:58.658314+00
0101000020E610000081B57BCD9E55FCBF37F5E0E6F92C4540,50200001,148,Fosa de Zarrampablo,Intervenida,"La fosa estuvo ubicada en el paraje de Zarrampablo (Peralta), junto a la carretera NA-115.",30/08/1936,http://fosas.navarra.es/DetalleFosa.aspx?IDFosa=148,1,Peralta <> Azkoien,250,49,2015-05-10 14:23:58.658314+00,2015-05-10 14:23:58.658314+00
0101000020E6100000B4D440311117FDBF7E67EA5EBF2B4540,50200001,149,Fosa del Raso de Jaurieta,Intervenida,"La fosa se ubicaba cerca del núcleo de Peralta, a las afueras del pueblo junto a la carretera que une las localidades de Peralta y Andosilla.",06/09/1936,http://fosas.navarra.es/DetalleFosa.aspx?IDFosa=149,19,Peralta <> Azkoien,500,50,2015-05-10 14:23:58.658314+00,2015-05-10 14:23:58.658314+00
0101000020E6100000DC46A34494F7FEBFA544BA4733304540,50200001,150,Fosa de los Altos de Andosilla,Intervenida,"Paraje conocido como los altos de Andosilla, situado en las proximidades del cementerio de la localidad.",,http://fosas.navarra.es/DetalleFosa.aspx?IDFosa=150,4,Andosilla,500,51,2015-05-10 14:23:58.658314+00,2015-05-10 14:23:58.658314+00
0101000020E6100000A214923E4C39FABF97FC3B19D18E4540,50200001,151,Sima de Gaztelu,Prospectada,"Sima de Legarrea o Legarra Lezia, situada en el término municipal de Donamaria. Se trata de una sima cuya vertical puede tener cerca de 40 m. Su acceso es complicado.",,http://fosas.navarra.es/DetalleFosa.aspx?IDFosa=151,8,Donamaria,10,52,2015-05-10 14:23:58.658314+00,2015-05-10 14:23:58.658314+00
0101000020E6100000C5EDE041DA0DFABF22C06DBC657D4540,50200001,152,El Vivero de Lantz,Prospectada,"Antiguo vivero y casa de donantes de sangre, situada al pie de la N-121-A antes del acceso a Lantz. La fosa se encontraria en el actual robledal junto a dicha edificación.",,http://fosas.navarra.es/DetalleFosa.aspx?IDFosa=152,3,Lantz,500,53,2015-05-10 14:23:58.658314+00,2015-05-10 14:23:58.658314+00
0101000020E610000089116AE985BEF9BF709209E00B704540,50200001,153,Fosa de la Muga de Olave-Sorauren,Prospectada,Situada en la muga entre Sorauren y Olave. Posiblemente se encuentre en torno al kilómetro 10 de la Carretera N-121-A.,,http://fosas.navarra.es/DetalleFosa.aspx?IDFosa=153,3,Oláibar,100,54,2015-05-10 14:23:58.658314+00,2015-05-10 14:23:58.658314+00
0101000020E6100000336C73749265F6BF8A9961D91D544540,50200001,154,El Alto de Loiti,Prospectada,"Fosa situada en el Alto de Loiti, al borde de la antigua carretera N-240. En la actualidad este paraje ha sido bastante transformado por las obras de la Autovía A-21.",,http://fosas.navarra.es/DetalleFosa.aspx?IDFosa=154,11,Lumbier,1000,55,2015-05-10 14:23:58.658314+00,2015-05-10 14:23:58.658314+00
0101000020E610000032FA6AE9AF6F01C06A08B3AA696A4540,50200001,155,Sima de Basauntziturri (Urbasa),No intervenida,"La sima se encuentra en el paraje denominado Basauntziturri. Siguiendo la carretera NA-718 ( Estella-Olazti),  hacia el km 1 de la NA-132-A , en plena Sierra de Urbasa.",,http://fosas.navarra.es/DetalleFosa.aspx?IDFosa=155,-1,Sierra de Urbasa,200,56,2015-05-10 14:23:58.658314+00,2015-05-10 14:23:58.658314+00
0101000020E610000067DF6547E99701C065FC1938CD6C4540,50200001,156,Sima de Ordotz (Urbasa),No intervenida,"Situada al norte de la Sierra de Urbasa, el paraje está cerca del cámping y a unos dos kilómetros de la casa del guarda.",,http://fosas.navarra.es/DetalleFosa.aspx?IDFosa=156,-1,Sierra de Urbasa,100,57,2015-05-10 14:23:58.658314+00,2015-05-10 14:23:58.658314+00
0101000020E6100000C526EA40822F01C03B4D295F2B6D4540,50200001,157,Sima de Otsoportillo (Urbasa),No intervenida,"El lugar está junto a la pista de Otsoportillo, a 2 kilómetros de la carretera NA-718. Una escultura homenajea a los que allí murieron.",,http://fosas.navarra.es/DetalleFosa.aspx?IDFosa=157,16,Sierra de Urbasa,10,58,2015-05-10 14:23:58.658314+00,2015-05-10 14:23:58.658314+00
0101000020E6100000D207464046A0F8BF7793DFBBBF734540,50200001,158,Cementerio de Larrasoaña,No intervenida,"Cementerio de la localidad de Larrasoaña, en el valle de Esteribar. Se encuentra a las afueras del casco urbano, pudiéndose acceder a el desde la carretera N-135 Pamplona - Francia.",,http://fosas.navarra.es/DetalleFosa.aspx?IDFosa=158,6,Esteribar,50,59,2015-05-10 14:23:58.658314+00,2015-05-10 14:23:58.658314+00
0101000020E610000011CC71B257CFF7BFE6DD962803794540,50200001,159,Cementerio de Agorreta,No intervenida,"Cementerio de la pequeña localidad de Agorreta, en el valle de Esteribar, situado junto a la carretera N-135 que cruza el puerto de Erro.",,http://fosas.navarra.es/DetalleFosa.aspx?IDFosa=159,1,Esteribar,25,60,2015-05-10 14:23:58.658314+00,2015-05-10 14:23:58.658314+00
0101000020E6100000375AB1DB7DF6F7BF6977012F2B784540,50200001,160,Fosa de Agalde (Saigots),No intervenida,"El paraje de Agalde se encuentra en la carretera N-135, justo al comienzo de la subida al Alto de Erro desde Zubiri. La regata que lo atraviesa da nombre al lugar.",,http://fosas.navarra.es/DetalleFosa.aspx?IDFosa=160,2,Esteribar,50,61,2015-05-10 14:23:58.658314+00,2015-05-10 14:23:58.658314+00
0101000020E6100000B700EBFB9FB4F9BF6E6AD33D196F4540,50200001,161,Cementerio de Sorauren,No intervenida,"Cementerio de la localidad de Sorauren, situado sobre el casco urbano. Se accede desde el camino de Zabaldika.",,http://fosas.navarra.es/DetalleFosa.aspx?IDFosa=161,1,Ezcabarte,50,62,2015-05-10 14:23:58.658314+00,2015-05-10 14:23:58.658314+00
0101000020E6100000F714BEDB3BD6FABF505FD02568744540,50200001,162,Cementerio de Usi,No intervenida,Este pequeño camposanto se encuentra sobre la carretera de acceso a Usi.,,http://fosas.navarra.es/DetalleFosa.aspx?IDFosa=162,2,Juslapeña,25,63,2015-05-10 14:23:58.658314+00,2015-05-10 14:23:58.658314+00
0101000020E61000000C79BE09F9D6FABFC5B8F063CA714540,50200001,163,Cementerio de Navaz,No intervenida,"Cementerio de Navaz, bajo la imponente silueta del monte Ezkaba.",,http://fosas.navarra.es/DetalleFosa.aspx?IDFosa=163,2,Juslapeña,25,64,2015-05-10 14:23:58.658314+00,2015-05-10 14:23:58.658314+00
0101000020E610000062A2700ED05DFBBFFA269FCA01724540,50200001,164,Bordas de Iruzkun,Intervenida,"Cabañas donde los pastores encierran el ganado. El lugar se encuentra bajo una antigua cantera, a la cual se accede desde la carretera NA-4220 que une Ollacarizqueta con Osácar.",,http://fosas.navarra.es/DetalleFosa.aspx?IDFosa=164,16,Juslapeña,50,65,2015-05-10 14:23:58.658314+00,2015-05-10 14:23:58.658314+00
0101000020E6100000D7F751BDCB4BFCBF96355B1C71674540,50200001,165,El Alto de las Tres Cruces,Intervenida,"El alto, dominado por tres cruces, se encuentra entre el río Arga y la carretera NA-700, aproximadamente en el kilómetro 10.",,http://fosas.navarra.es/DetalleFosa.aspx?IDFosa=165,21,Cendea de Olza <> Oltza Zendea,200,66,2015-05-10 14:23:58.658314+00,2015-05-10 14:23:58.658314+00
0101000020E6100000A5B02291CFBAFCBF9DD98BBE95654540,50200001,166,Cementerio de Etxauri,Intervenida,"El antiguo cementerio se encontraba en esta zona, cerca de la carretera NA-700 que asciende el Puerto de Etxauri. El viejo cementerio fue derribado y trasladado al actual.",,http://fosas.navarra.es/DetalleFosa.aspx?IDFosa=166,51,Etxauri,100,67,2015-05-10 14:23:58.658314+00,2015-05-10 14:23:58.658314+00
0101000020E6100000112BABEC4EADF9BFBD99EB8D50714540,50200001,168,Fosa de Olave,No intervenida,La fosa está junto a una huerta en el camino que baja hacia el río Ultzama.,,http://fosas.navarra.es/DetalleFosa.aspx?IDFosa=168,2,Oláibar,50,69,2015-05-10 14:23:58.658314+00,2015-05-10 14:23:58.658314+00
0101000020E6100000A710D5C5C2A0F9BFAAAAA9EFE8704540,50200001,169,Cementerio de Olave,No intervenida,Ladera con pequeña pendiente próxima al cementerio de Olave. Situado en el comunal de la localidad.,,http://fosas.navarra.es/DetalleFosa.aspx?IDFosa=169,-1,Oláibar,200,70,2015-05-10 14:23:58.658314+00,2015-05-10 14:23:58.658314+00
0101000020E6100000C1B5CF7A618BFFBFCC5C025F7F574540,50200001,170,Cementerio de Murillo,Intervenida,"Cementerio ubicado a escasos 200 metros de la localidad de Murillo, en el valle de Yerri.",,http://fosas.navarra.es/DetalleFosa.aspx?IDFosa=170,4,Valle de Yerri <> Deierri,50,71,2015-05-10 14:23:58.658314+00,2015-05-10 14:23:58.658314+00
0101000020E61000004E99B64485D200C00B64094B0D3A4540,50200001,171,Fosa de los Olivares de Sesma,No intervenida,"En el sur del término de la localidad de Sesma, en una zona de olivos cercana a la carretera NA-129.",,http://fosas.navarra.es/DetalleFosa.aspx?IDFosa=171,1,Sesma,1000,72,2015-05-10 14:23:58.658314+00,2015-05-10 14:23:58.658314+00
0101000020E6100000191F06C339C5FEBFE5B2D8EDA1564540,50200001,172,Fosa de Cirauqui,No intervenida,"Paraje de Lezondoa situado a orillas del río Salado, por el que discurría el trazado de la vieja carretera de Pamplona a Logroño.",,http://fosas.navarra.es/DetalleFosa.aspx?IDFosa=172,2,Cirauqui <> Zirauki,500,73,2015-05-10 14:23:58.658314+00,2015-05-10 14:23:58.658314+00
0101000020E610000086541F9613EAFCBF9FDFF9E63C444540,50200001,173,Fosa del Camino de Artajona,No intervenida,"En este paraje de Larraga próximo a la carretera NA-6100, existe una referencia sobre una posible fosa.",,http://fosas.navarra.es/DetalleFosa.aspx?IDFosa=173,3,Larraga,1000,74,2015-05-10 14:23:58.658314+00,2015-05-10 14:23:58.658314+00
0101000020E61000009FA3356BB6A9FDBF4938D2249E474540,50200001,174,Cementerio de Larraga,No intervenida,El cementerio se encuentra al oeste de la localidad.,,http://fosas.navarra.es/DetalleFosa.aspx?IDFosa=174,2,Larraga,50,75,2015-05-10 14:23:58.658314+00,2015-05-10 14:23:58.658314+00
0101000020E610000028C532E96BB5FABF08B687C7516C4540,50200001,175,Fosa del Camino del Agua,No intervenida,"El lugar se encuentra en la ladera sur del monte Ezkaba, próximo a la antigua ruta del agua de la Comarca de Pamplona y junto al casco viejo de Berriozar.",,http://fosas.navarra.es/DetalleFosa.aspx?IDFosa=175,5,Berriozar,100,76,2015-05-10 14:23:58.658314+00,2015-05-10 14:23:58.658314+00
0101000020E61000007D22406C8CECFCBFF96F91FFE8454540,50200001,176,Fosa de las Cabras,Intervenida,"Situada en el paraje de ""Las Cabras"", atravesado actualmente por la NA-6020.",,http://fosas.navarra.es/DetalleFosa.aspx?IDFosa=176,-1,Larraga,1000,77,2015-05-10 14:23:58.658314+00,2015-05-10 14:23:58.658314+00
0101000020E610000018EA53D2839BFABFEB022415086D4540,50200001,177,Carretera del Fuerte de San Cristóbal,No intervenida,Segunda curva descendiendo por la carretera del Fuerte de San Cristóbal.,,http://fosas.navarra.es/DetalleFosa.aspx?IDFosa=177,11,Berriozar,100,78,2015-05-10 14:23:58.658314+00,2015-05-10 14:23:58.658314+00
0101000020E6100000F43E06173CCA00C035DF9F5BF54C4540,50200001,178,Cementerio de Barbarin,No intervenida,"El cementerio de Barbarin se encuentra situado sobre el pueblo, junto a la iglesia.
",,http://fosas.navarra.es/DetalleFosa.aspx?IDFosa=178,1,Barbarin,50,79,2015-05-10 14:23:58.658314+00,2015-05-10 14:23:58.658314+00
0101000020E61000005A7AC73A44E1FCBF8BA0A18BCF274540,50200001,179,Cementerio de Funes,No intervenida,El cementerio se sitúa sobre el casco urbano de Funes. Desde este lugar se divisa la fértil vega del río Arga.,,http://fosas.navarra.es/DetalleFosa.aspx?IDFosa=179,8,Funes,50,80,2015-05-10 14:23:58.658314+00,2015-05-10 14:23:58.658314+00
0101000020E610000024F01A5A4D4CFBBF6ED35865701D4540,50200001,180,Cruce Cadreita - Villafranca - Milagro,No intervenida,Cruce de la carretera que discurre por el eje del Valle del Ebro (NA-134) con la carretera de Villafranca (NA-660).,,http://fosas.navarra.es/DetalleFosa.aspx?IDFosa=180,22,Cadreita,100,81,2015-05-10 14:23:58.658314+00,2015-05-10 14:23:58.658314+00
0101000020E61000008E56647FF751F8BFA9986D9BF9744540,50200001,181,Fosa de Kaskaxu (Urdániz),No intervenida,"Paraje próximo al casco urbano de Urdaitz/Urdániz, entre el punto kilométrico 18 de la N-135 Pamplona-Francia y el río Arga.",,http://fosas.navarra.es/DetalleFosa.aspx?IDFosa=181,3,Esteribar,100,82,2015-05-10 14:23:58.658314+00,2015-05-10 14:23:58.658314+00
0101000020E6100000135A07194F87FBBF2E52F80990094540,50200001,182,Fosa de la Balsa de Pedro Gómez,No intervenida,"Balsa que recoge agua del barranco, próxima a la carretera que une Tudela y Cintruénigo (NA-160).",,http://fosas.navarra.es/DetalleFosa.aspx?IDFosa=182,-1,Tudela,500,83,2015-05-10 14:23:58.658314+00,2015-05-10 14:23:58.658314+00
0101000020E6100000DB499E5793E1F6BF52907CD592564540,50200001,183,Fosas de Sengáriz,Intervenida,En esta localidad del valle de Ibargoiti se excavaron numerosas fosas para albergar fusilados.,,http://fosas.navarra.es/DetalleFosa.aspx?IDFosa=183,20,Ibargoiti,1000,84,2015-05-10 14:23:58.658314+00,2015-05-10 14:23:58.658314+00
0101000020E610000087263F6DB9FBFCBFEC28A61BBD2B4540,50200001,184,Cementerio de Peralta,Intervenida,"Actualmente el cementerio se encuentra rodeado de fábricas y almacenes, integrado dentro del tejido urbano de la localidad.",,http://fosas.navarra.es/DetalleFosa.aspx?IDFosa=184,2,Peralta <> Azkoien,50,85,2015-05-10 14:23:58.658314+00,2015-05-10 14:23:58.658314+00
0101000020E610000046CE95FDFBB5F9BF30F247E0E84C4540,50200001,185,Cementerio de Orísoain,Intervenida,Cementerio situado en esta localidad de la Valdorba.,,http://fosas.navarra.es/DetalleFosa.aspx?IDFosa=185,1,Orísoain,50,86,2015-05-10 14:23:58.658314+00,2015-05-10 14:23:58.658314+00
0101000020E6100000AE707B4288BDF7BFE21054BEC7024540,50200001,186,Cementerio de Fustiñana,Intervenida,"El cementerio en 1936 se encontraba en un lugar diferente al actual, hoy ocupado por el ensanche urbano de Fustiñana.",,http://fosas.navarra.es/DetalleFosa.aspx?IDFosa=186,1,Fustiñana,200,87,2015-05-10 14:23:58.658314+00,2015-05-10 14:23:58.658314+00
0101000020E61000003E2F8DB34F0DFBBF69EC4616546F4540,50200001,187,Fosa de Ballariáin,No intervenida,Carretera que conecta el valle de Juslapeña con Berrioplano. La fosa se encuentra cerca del cruce de Unzu.,,http://fosas.navarra.es/DetalleFosa.aspx?IDFosa=187,6,Berrioplano <> Berriobeiti,100,88,2015-05-10 14:23:58.658314+00,2015-05-10 14:23:58.658314+00
0101000020E610000067DC8335AF41FEBF4C6CF05A1B634540,50200001,190,Fosas de Salinas de Oro,No intervenida,Finca junto al casco urbano de Salinas de Oro.,,http://fosas.navarra.es/DetalleFosa.aspx?IDFosa=190,3,Salinas de Oro <> Jaitz,100,91,2015-05-10 14:23:58.658314+00,2015-05-10 14:23:58.658314+00
0101000020E6100000388F063F4A56FEBFC86E8681CB624540,50200001,191,Fosa de Goroxibar,Intervenida,Este paraje se encuentra a las afueras de Salinas de Oro siguiendo la carretera que va a Estella (NA-700).,,http://fosas.navarra.es/DetalleFosa.aspx?IDFosa=191,3,Salinas de Oro <> Jaitz,50,92,2015-05-10 14:23:58.658314+00,2015-05-10 14:23:58.658314+00
0101000020E61000001A3ADBFD80FDFDBFA30ED8AF4A644540,50200001,192,Fosa de Aranbarren,No intervenida,"Junto a la carretera de Estella (NA-700), al pie del Puerto de Etxauri.",,http://fosas.navarra.es/DetalleFosa.aspx?IDFosa=192,1,Salinas de Oro <> Jaitz,25,93,2015-05-10 14:23:58.658314+00,2015-05-10 14:23:58.658314+00
0101000020E6100000981BFCB40614FABF8F9A7348EB6E4540,50200001,193,Fosa de Eusa,No intervenida,"La fosa se encontraría en la parte norte del pueblo, no muy lejos de su casco urbano.",,http://fosas.navarra.es/DetalleFosa.aspx?IDFosa=193,1,Ezcabarte,100,94,2015-05-10 14:23:58.658314+00,2015-05-10 14:23:58.658314+00
0101000020E6100000A398BAA2F428F8BF3A512C95F5684540,50200001,195,Fosas de la Cuesta de la Loba (Eransus),No intervenida,Las dos fosas se sitúan junto a la carretera NA-150 próximas a la Venta de Eransus.,,http://fosas.navarra.es/DetalleFosa.aspx?IDFosa=195,18,Valle de Egüés,250,95,2015-05-10 14:23:58.658314+00,2015-05-10 14:23:58.658314+00
0101000020E6100000D59FA786D257F8BFB8CC3AAC5C6B4540,50200001,196,Fosa de Elía,No intervenida,La fosa se encuentra en una parcela junto al kilómetro 2 de la carretera de Elía (NA-2375).,,http://fosas.navarra.es/DetalleFosa.aspx?IDFosa=196,3,Valle de Egüés,25,96,2015-05-10 14:23:58.658314+00,2015-05-10 14:23:58.658314+00
0101000020E6100000F5233A9652C5F9BF4B2F9FCFB7784540,50200001,197,Fosa de Etulain,Intervenida,El lugar donde se encontraba la fosa está junto a la carretera de acceso a Etulain.,,http://fosas.navarra.es/DetalleFosa.aspx?IDFosa=197,3,Anue,25,97,2015-05-10 14:23:58.658314+00,2015-05-10 14:23:58.658314+00
0101000020E610000017857936AD85FABF5126DF3AAA6E4540,50200001,198,Fosa de Orrio-Garrués,Prospectada,"La finca donde mataron a los fusilados ahora es un pinar. Está justo al pasar el cementerio de Garrués, en término de Orrio.",,http://fosas.navarra.es/DetalleFosa.aspx?IDFosa=198,5,Ezcabarte,100,98,2015-05-10 14:23:58.658314+00,2015-05-10 14:23:58.658314+00
0101000020E6100000E0B95029A73AFABF574C5D3797744540,50200001,199,Fosa de Buztintxuri (Odieta),No intervenida,"La fosa se encontraría en una antigua cantera de arcillas, en el término de Buztintxuri, sobre la carretera NA-4241.",,http://fosas.navarra.es/DetalleFosa.aspx?IDFosa=199,-1,Odieta,50,99,2015-05-10 14:23:58.658314+00,2015-05-10 14:23:58.658314+00
0101000020E61000006B9CCA016325F9BF5C41FCFC9B6F4540,50200001,200,Fosa del Cementerio de Antxoritz,No intervenida,"Cementerio de la localidad de Antxoritz, situada a orillas del río Arga, en el valle de Esteribar.",,http://fosas.navarra.es/DetalleFosa.aspx?IDFosa=200,1,Esteribar,25,100,2015-05-10 14:23:58.658314+00,2015-05-10 14:23:58.658314+00
0101000020E6100000F45B742A03E4FABFBE9A02FCF7724540,50200001,201,Fosa del Cementerio de Belzunce,No intervenida,"Cementerio de la pequeña localidad de Belzunce, en el valle de Juslapeña.",,http://fosas.navarra.es/DetalleFosa.aspx?IDFosa=201,-1,Juslapeña,50,101,2015-05-10 14:23:58.658314+00,2015-05-10 14:23:58.658314+00
0101000020E61000009F8DABF96750FABFCEBD98BB796B4540,50200001,202,Cementerio de Ansoáin,No intervenida,"Cementerio del pueblo antiguo de Ansoáin, situado en la ladera sur del monte Ezkaba.",,http://fosas.navarra.es/DetalleFosa.aspx?IDFosa=202,20,Ansoáin <> Antsoain,25,102,2015-05-10 14:23:58.658314+00,2015-05-10 14:23:58.658314+00
0101000020E6100000F49E435FB90CFBBF6C3F05787EA34540,50200001,203,Fosa del Puente San Miguel,No intervenida,"Situada en el margen izquierdo del rio Bidasoa, en el término de Lesaka, pero muy cerca del núcleo de Bera y del puente San Miguel. La fosa estaría entre dos farolas del alumbrado público.",,http://fosas.navarra.es/DetalleFosa.aspx?IDFosa=203,-1,Lesaka,50,103,2015-05-10 14:23:58.658314+00,2015-05-10 14:23:58.658314+00
0101000020E6100000D9B91CB6802FFBBF9430107433A34540,50200001,204,Fosa de Goienta,No intervenida,"La fosa se encontraría entre el antiguo trazado ferroviario del Bidasoa y el río, entre Alkaiaga y Zalain Zoko, a unos metros del cruce donde se encuentra la fábrica Zalain Transformados.",,http://fosas.navarra.es/DetalleFosa.aspx?IDFosa=204,-1,Lesaka,100,104,2015-05-10 14:23:58.658314+00,2015-05-10 14:23:58.658314+00
0101000020E6100000F116264E986AFBBF98712CA659A44540,50200001,205,Fosa del Túnel Ttikia o Túnel Pequeño,No intervenida,"Situada a orillas del río Bidasoa, junto a un túnel del antiguo ferrocarril del Bidasoa. En el lugar se accede a las compuertas del canal de la central Electra Endara.",,http://fosas.navarra.es/DetalleFosa.aspx?IDFosa=205,2,Lesaka,100,105,2015-05-10 14:23:58.658314+00,2015-05-10 14:23:58.658314+00
0101000020E6100000CA35E1B88F7FFFBF8BFAA74E9C594540,50200001,206,Fosa de Montalbán,Intervenida,"El Señorío de Montalbán se encuentra cerca de la localidad de Alloz. Se llega a él por la carretera NA-7320. La fosa se encontraba en el paraje conocido como el Mohidero, cerca de la cañada.",,http://fosas.navarra.es/DetalleFosa.aspx?IDFosa=206,7,Valle de Yerri <> Deierri,10,106,2015-05-10 14:23:58.658314+00,2015-05-10 14:23:58.658314+00
0101000020E6100000D25CB8EA9036FDBF0479F8BCEF634540,50200001,207,Fosas de Echarri,No intervenida,En este término municipal existen referencias de varios fusilamientos.,,http://fosas.navarra.es/DetalleFosa.aspx?IDFosa=207,10,Echarri,750,107,2015-05-10 14:23:58.658314+00,2015-05-10 14:23:58.658314+00
0101000020E610000032EDD15D9251FFBFE372885F4F564540,50200001,208,Fosa del Camino de Oiantxiki (Lácar),Intervenida,"La fosa, ya exhumada, se encontraba en la parcela situada entre el camino de Oiantxiki y la carretera NA-7320. A escasos 200 mentros hacia la muga con Lorca se encontraba otra fosa con los restos de 8 vecinos de Estella.",,http://fosas.navarra.es/DetalleFosa.aspx?IDFosa=208,12,Valle de Yerri <> Deierri,10,108,2015-05-10 14:23:58.658314+00,2015-05-10 14:23:58.658314+00
0101000020E6100000F8FDA81E9154FFBF7EE59C8E21564540,50200001,209,Fosa de la Muga Lorca - Lácar,Intervenida,"Esta fosa, ya exhumada, se encontraba a escasos metros de la fosa de Oiantxiki, entre el camino por el que se accede a este lugar y la carretera NA-7320.",12/09/1936,http://fosas.navarra.es/DetalleFosa.aspx?IDFosa=209,8,Valle de Yerri <> Deierri,10,109,2015-05-10 14:23:58.658314+00,2015-05-10 14:23:58.658314+00
0101000020E61000002AEDCB134B65FFBF7401A5D43A554540,50200001,210,Fosa de Lorca Txiki (Murillo de Yerri),Intervenida,"Junto a la antigua carretera N-111 que unía Pamplona con Estella, hoy NA-1110. La fosa se encontraba entre la Cañada Real de Tauste a Andía y una parcela que antiguamente tenía viña plantada.",,http://fosas.navarra.es/DetalleFosa.aspx?IDFosa=210,22,Valle de Yerri <> Deierri,50,110,2015-05-10 14:23:58.658314+00,2015-05-10 14:23:58.658314+00
0101000020E6100000EE2FBBFA2393FFBFB3BC924D4C554540,50200001,211,Fosa de Arantzadia (Arandigoyen),Intervenida,"La fosa se encontraba junto a la vieja carretera N-111, hoy NA-1110, y el talud sobre las parcelas.",,http://fosas.navarra.es/DetalleFosa.aspx?IDFosa=211,-1,Valle de Yerri <> Deierri,25,111,2015-05-10 14:23:58.658314+00,2015-05-10 14:23:58.658314+00
0101000020E6100000624B53AAD1A6FFBFA671DCA022554540,50200001,212,Fosa de Ormaberria (Arandigoyen),Prospectada,"El paraje de Ormaberria se encuentra actualmente atravesado por la Autovía del Camino. Esta parcela se localiza cerca del cruce de acceso a Villatuerta por la antigua N-111 (Pamplona - Logroño), hoy NA-1110.",,http://fosas.navarra.es/DetalleFosa.aspx?IDFosa=212,-1,Valle de Yerri <> Deierri,100,112,2015-05-10 14:23:58.658314+00,2015-05-10 14:23:58.658314+00
0101000020E6100000D8B4D3DFDE2200C0E5B95BE458604540,50200001,213,Fosa de Elkai (ibiricu),Intervenida,"Junto a la carretera NA-120 (Estella - Beasain) se encuentra este paraje, atravesado por la regata de Ilkai.",,http://fosas.navarra.es/DetalleFosa.aspx?IDFosa=213,10,Valle de Yerri <> Deierri,100,113,2015-05-10 14:23:58.658314+00,2015-05-10 14:23:58.658314+00
0101000020E61000008CB515B5B8AFFABFC21E5C549F554540,50200001,214,Cementerio de Muruarte de Reta,Intervenida,Cementerio de Muruarte de Reta.,,http://fosas.navarra.es/DetalleFosa.aspx?IDFosa=214,2,Tiebas-Muruarte de Reta,25,114,2015-05-10 14:23:58.658314+00,2015-05-10 14:23:58.658314+00
0101000020E6100000A48E8153915DFDBF7C1CE3A707254540,50200001,1010,Fosa de la Castellana,Intervenida,"Corraliza que da nombre a este término situado entre Azagra y Funes. La situación de este lugar es próxima a la carretera NA-115, que une la localidad de Rincón de Soto (La Rioja) con Funes.",16/08/1936,http://fosas.navarra.es/DetalleFosa.aspx?IDFosa=1010,48,Funes,100,115,2015-05-10 14:23:58.658314+00,2015-05-10 14:23:58.658314+00
0101000020E61000001EA15899CB2BF8BFD5823420D8814540,50200001,1104,Olazar,No intervenida,"La fosa se localiza a orillas del río Arga, al norte de la cantera, en Olazar (término de Eugi), a unos 70 metros del cruce de la carretera a Irurita.",28/05/1938,http://fosas.navarra.es/DetalleFosa.aspx?IDFosa=1104,1,Esteribar,50,117,2015-05-10 14:23:58.658314+00,2015-05-10 14:23:58.658314+00
0101000020E610000012B81C069A2C00C08903FEA978594540,50200001,1121,Carretera de Bearin a Murugarren,Prospectada,"El sitio se localiza en el cruce que une las carreteras NA-700 y Na-120, en el término de Bearin, valle de Yerri.",10/08/1936,http://fosas.navarra.es/DetalleFosa.aspx?IDFosa=1121,2,Valle de Yerri <> Deierri,250,118,2015-05-10 14:23:58.658314+00,2015-05-10 14:23:58.658314+00
0101000020E610000000725A587941FABFC2431E02BA784540,50200001,215,Cementerio de Ripa,Prospectada,"Cementerio de la localidad de Ripa, situado junto a la carretera NA-411.",,http://fosas.navarra.es/DetalleFosa.aspx?IDFosa=215,18,Odieta,100,119,2015-05-10 14:23:58.658314+00,2015-05-10 14:23:58.658314+00
0101000020E6100000F1E256FBE5E301C0FD93721122634540,50200001,216,Fosa de Aranarache,Intervenida,"Se encuentra en una finca junto al kilómetro 47,2 de la carretera NA-7130.",14/09/1036,http://fosas.navarra.es/DetalleFosa.aspx?IDFosa=216,1,Aranarache <> Aranaratxe,10,120,2015-05-10 14:23:58.658314+00,2015-05-10 14:23:58.658314+00
0101000020E610000085C990CEC84301C08A78E4848A674540,50200001,98,Sima del Raso,Intervenida,"Sima situada en el Raso de Urbasa, próxima al Monte Común de la Amescoas. Situada entre los kilometros 23 y 24 de la carretera NA-718 que une Estella-Lizarra con Olazti/Olazagutía.",07/09/1936,http://fosas.navarra.es/DetalleFosa.aspx?IDFosa=98,10,Sierra de Urbasa,10,121,2015-05-10 14:23:58.658314+00,2015-05-10 14:23:58.658314+00
0101000020E6100000871673DCCC15F7BF63C0EAA6B7564540,50200001,217,Cementerio de Lecáun,No intervenida,Pequeño cementerio perteneciente al señorío de Lecáun.,,http://fosas.navarra.es/DetalleFosa.aspx?IDFosa=217,3,Ibargoiti,10,122,2015-05-10 14:23:58.658314+00,2015-05-10 14:23:58.658314+00
0101000020E6100000697743B14B64FABF2B9FF164B26D4540,50200001,218,Zubixar,No intervenida,"La fosa se localiza en una parcela junto a la regata Zubixar, atravesando el antiguo camino a Pamplona.",,http://fosas.navarra.es/DetalleFosa.aspx?IDFosa=218,-1,Ezcabarte,25,123,2015-05-10 14:23:58.658314+00,2015-05-10 14:23:58.658314+00
0101000020E61000004F6C05A33716FBBF2031137392724540,50200001,219,Cementerio de Marcaláin,No intervenida,"Cementerio de Marcaláin, junto a la carretera NA-4100",26/05/1938,http://fosas.navarra.es/DetalleFosa.aspx?IDFosa=219,-1,Juslapeña,25,124,2015-05-10 14:23:58.658314+00,2015-05-10 14:23:58.658314+00
0101000020E610000089D30517450AFABF0414B8AA66764540,50200001,220,Burdingurutzeta,No intervenida,La fosa se localiza junto al kilómetro 27 de la NA-411 entre Lizaso y Ostiz.,,http://fosas.navarra.es/DetalleFosa.aspx?IDFosa=220,2,Odieta,25,125,2015-05-10 14:23:58.658314+00,2015-05-10 14:23:58.658314+00
0101000020E61000006DF206A3FE27FABF8D64492DE6764540,50200001,221,Sagardikoa,No intervenida,"Antiguo camino de acceso a Sagardikoa, actualmente desaparecido por la concentración parcelaria.",,http://fosas.navarra.es/DetalleFosa.aspx?IDFosa=221,4,Odieta,25,126,2015-05-10 14:23:58.658314+00,2015-05-10 14:23:58.658314+00
0101000020E61000005E630D2FCE41FABF766F9F6FF5744540,50200001,222,Borda de Erroldarena,No intervenida,"Antigua borda de Erroldarena, actualmente quedan unas ruinas.",26/05/1983,http://fosas.navarra.es/DetalleFosa.aspx?IDFosa=222,2,Odieta,25,127,2015-05-10 14:23:58.658314+00,2015-05-10 14:23:58.658314+00
0101000020E610000066BABA9D8462FABFEB2A4FFAAB6C4540,50200001,223,Fosa de Ezcaba,No intervenida,"La posible ubicación de la fosa, se localiza en la ladera norte de Ezkaba en el actual pinar próximo al pueblo que da nombre a este monte.",,http://fosas.navarra.es/DetalleFosa.aspx?IDFosa=223,1,Ezcabarte,250,128,2015-05-10 14:23:58.658314+00,2015-05-10 14:23:58.658314+00
0101000020E6100000801C911D3C71F9BFEC9C14CEF6764540,50200001,224,Fosa de Kamiope (Etsain),No intervenida,La fosa se localiza en el término de Kamiope.,,http://fosas.navarra.es/DetalleFosa.aspx?IDFosa=224,1,Anue,250,129,2015-05-10 14:23:58.658314+00,2015-05-10 14:23:58.658314+00
0101000020E61000006BD0A27DC1C3F7BFDDE3FBB15A794540,50200001,225,Fosa de Anestakozoko (Agorreta),No intervenida,La fosa se encuentra junto a un nogal en la curva de la N-135.,,http://fosas.navarra.es/DetalleFosa.aspx?IDFosa=225,3,Esteribar,50,130,2015-05-10 14:23:58.658314+00,2015-05-10 14:23:58.658314+00
0101000020E6100000FDFE445235D0F7BFC9121176EC784540,50200001,226,Huerta del Cura (Agorreta),No intervenida,"Entre el cruce de caminos a los términos de Ipete y Besanga, en las proximidades de Agorreta.",,http://fosas.navarra.es/DetalleFosa.aspx?IDFosa=226,1,Esteribar,50,131,2015-05-10 14:23:58.658314+00,2015-05-10 14:23:58.658314+00
0101000020E61000001D9E362DB435F8BF552CA6FE717C4540,50200001,227,Fosa de Zokolu (Eugi),No intervenida,"Esta fosa se encuentra actualmente bajo las aguas del embalse de Eugi, en las proximidades de la pared del embalse y bajo la actual carretera.",,http://fosas.navarra.es/DetalleFosa.aspx?IDFosa=227,1,Esteribar,25,132,2015-05-10 14:23:58.658314+00,2015-05-10 14:23:58.658314+00
0101000020E6100000E3C030ED6C4EF8BF74FA53E4D67C4540,50200001,228,Fosa de Iroxo (Eugi),No intervenida,El paraje de Iroxo se encuentra actualmente bajo las aguas del embalse de Eugi.,,http://fosas.navarra.es/DetalleFosa.aspx?IDFosa=228,1,Esteribar,25,133,2015-05-10 14:23:58.658314+00,2015-05-10 14:23:58.658314+00
0101000020E610000014450EC3AE3FF8BF265D80035E7B4540,50200001,229,Fosa del Cementerio de Urtasun,Intervenida,Cementerio de Urtasun.,,http://fosas.navarra.es/DetalleFosa.aspx?IDFosa=229,5,Esteribar,10,134,2015-05-10 14:23:58.658314+00,2015-05-10 14:23:58.658314+00
0101000020E61000008A51416B7E07F9BF6253ABB6706F4540,50200001,230,Fosa de Peña Redonda (Antxoritz),Intervenida,"La fosa se encuentra en un campo de labor, junto a la regata de Ilurdoz.",01/08/1936,http://fosas.navarra.es/DetalleFosa.aspx?IDFosa=230,6,Esteribar,10,135,2015-05-10 14:23:58.658314+00,2015-05-10 14:23:58.658314+00
0101000020E61000001A704EA21BFEF8BFCB4C8915576F4540,50200001,231,Fosa de Etxeberria (Antxoritz),Prospectada,Finca particular donde se localizaría la fosa.,,http://fosas.navarra.es/DetalleFosa.aspx?IDFosa=231,10,Esteribar,25,136,2015-05-10 14:23:58.658314+00,2015-05-10 14:23:58.658314+00
0101000020E61000008175CC796CF5F8BFBFD0F9062D6F4540,50200001,232,Fosa de Seminario Regueiro (Antxoritz),Prospectada,Lugar próximo a la regata de Ilurdoz.,,http://fosas.navarra.es/DetalleFosa.aspx?IDFosa=232,7,Esteribar,25,137,2015-05-10 14:23:58.658314+00,2015-05-10 14:23:58.658314+00
0101000020E6100000A004B4155FCC00C0A88EDCB04F374540,50200001,233,Fosa de la Corraliza de Oliado,Intervenida,Se encontraba en una parcela junto a la carretera NA-129.,15/08/1936,http://fosas.navarra.es/DetalleFosa.aspx?IDFosa=233,4,Lodosa,25,138,2015-05-10 14:23:58.658314+00,2015-05-10 14:23:58.658314+00
0101000020E6100000C770C7E2C3BBFFBF74D8B51E63314540,50200001,234,Fosa de El Mallatón,Intervenida,Término de Cárcar donde se localizaron los restos.,04/08/1936,http://fosas.navarra.es/DetalleFosa.aspx?IDFosa=234,5,Cárcar,50,139,2015-05-10 14:23:58.658314+00,2015-05-10 14:23:58.658314+00
0101000020E6100000361F4D3211CCF6BF79CBAF101E734540,50200001,236,Sima de Ardaitz,Prospectada,"La sima, de 37 metros de profundidad, se encuentra en la Sierra de Labia.",,http://fosas.navarra.es/DetalleFosa.aspx?IDFosa=236,2,Erro,50,140,2015-05-10 14:23:58.658314+00,2015-05-10 14:23:58.658314+00
0101000020E6100000AA0E813F82D8F7BF50395CD963664540,50200001,1133,Fosa de Uroz,Intervenida,"La fosa está ubicada en el paraje Amaia, a pocos metros del casco urbano de Uroz. Se encuentra ubicada entre la Carretera NA-150 Pamplona-Aóiz-Lumbier, (aproximadamente km 9.5), la antigua Vía del Ferrocarril del Irati y la Regata de Amaia.",15/08/1936,http://fosas.navarra.es/DetalleFosa.aspx?IDFosa=1133,3,Lizoain-Arriasgoiti,50,141,2015-05-10 14:23:58.658314+00,2015-05-10 14:23:58.658314+00
0101000020E610000010C43A27B869F8BF8B7763EF7B694540,50200001,1134,Fosa de Echalaz,Intervenida,"La fosa está localizada en el paraje Urandia, a pocos metros del casco urbano de Echálaz, en un campo entre el Río Urbi, hacía el km 7 de la Carretera NA-150 Pamplona-Aóiz-Lumbier y cerca de la fuente llamada “Fuente de la Loba”.",15/08/1936,http://fosas.navarra.es/DetalleFosa.aspx?IDFosa=1134,1,Valle de Egüés,25,142,2015-05-10 14:23:58.658314+00,2015-05-10 14:23:58.658314+00
0101000020E61000009CB6D974C7E3FBBF299EDBFAE5684540,50200001,1135,Cementerio de Ororbia,Intervenida,La fosa estuvo ubicada en el cementerio que se encuentra en el paraje Aizburua en el km 7.5 aproximadamente de la carretera NA-700 Pamplona-Estella.,,http://fosas.navarra.es/DetalleFosa.aspx?IDFosa=1135,1,Cendea de Olza <> Oltza Zendea,25,143,2015-05-10 14:23:58.658314+00,2015-05-10 14:23:58.658314+00
0101000020E61000004A3E09718EF0F8BF7A5C3E6D70434540,50200001,1136,Cementerio de San Martín de Unx,Intervenida,El cementerio se encuentra ubicado en el paraje “Camposanto”. Entre el casco urbano y la Ermita de San Miguel.,,http://fosas.navarra.es/DetalleFosa.aspx?IDFosa=1136,4,San Martín de Unx,25,144,2015-05-10 14:23:58.658314+00,2015-05-10 14:23:58.658314+00
0101000020E61000002557E9F41724FBBF2B5D83854A644540,50200001,1138,Fosa paraje Las Tetas (Zizur),Prospectada,"El sitio se ubica en el paraje conocido como ""Las Tetas"", a escasos metros de la vieja carretera que antiguamente conducía a Galar, hoy camino de servicio para las parcelas.",,http://fosas.navarra.es/DetalleFosa.aspx?IDFosa=1138,3,Zizur Mayor <> Zizur Nagusia,250,145,2015-05-10 14:23:58.658314+00,2015-05-10 14:23:58.658314+00
0101000020E6100000F5A023B7BDB1FEBF6547F30B63564540,50200001,1139,Fosa paraje Lezondoa,Prospectada,"La fosa se encuentra en el llamado Paraje Lezondoa, a un lado de la carretera NA-111 Pamplona-Logroño.",,http://fosas.navarra.es/DetalleFosa.aspx?IDFosa=1139,6,Cirauqui <> Zirauki,250,146,2015-05-10 14:23:58.658314+00,2015-05-10 14:23:58.658314+00
0101000020E6100000DFF89C9F81AAF7BF5157DDD36E604540,50200001,1140,Fosa de Artaiz,Prospectada,"Se encuentra ubicada en el paraje Arrueta, en el desvío que se encuentra hacía el punto km 15 de la NA-234 Campanas-Urrotz. Cerca de la antigua regata.",,http://fosas.navarra.es/DetalleFosa.aspx?IDFosa=1140,2,Unciti,100,147,2015-05-10 14:23:58.658314+00,2015-05-10 14:23:58.658314+00
